article_id,headline,timestamp,text
1,India introduces new AI rules,2026-01-08T00:59:04,"India has announced comprehensive new artificial intelligence regulations aimed at promoting responsible AI development while protecting citizen privacy and ensuring ethical use of AI technology across sectors. The new framework establishes guidelines for transparency, accountability, and data protection in AI systems used by both private companies and government agencies."
2,Watch new Salah documentary on BBC iPlayer,2026-01-11T20:10:13,"A newly released documentary featuring renowned football star Mohamed Salah is now available to stream on BBC iPlayer. The documentary provides an intimate look at his life, career journey, achievements, and personal story, offering fans exclusive insights into what makes him one of the world's most talented athletes."
3,Trump sues BBC for defamation over Panorama speech edit,2026-01-03T14:24:21,"Former President Donald Trump has filed a defamation lawsuit against the BBC, alleging that the broadcaster unfairly edited a speech he gave for their Panorama program, claiming the edits misrepresented his statements and damaged his reputation."
4,BBC outside Rabbi Schlanger's funeral as mourners pay tribute,2026-01-05T03:21:02,"The BBC provided coverage of Rabbi Schlanger's funeral where family members, friends, and community members gathered to pay their respects and share memories of his life, contributions to the community, and spiritual leadership."
5,Farage accuses BBC of double standards after racism allegations,2026-01-04T01:24:42,"Political figure Nigel Farage has publicly criticized the BBC, claiming the broadcaster applies different editorial standards when covering him compared to other political figures, particularly regarding coverage of racism-related allegations."
6,"'Ketamine Queen' spiralled before Matthew Perry death, friends tell BBC",2026-01-12T22:13:20,"Friends of actor Matthew Perry have spoken to the BBC about the circumstances leading to his death, revealing details about someone's struggles with substance abuse and how events escalated before the tragedy occurred."
7,"In this secret missile factory, Ukraine is ramping up its domestic arms industry",2026-01-07T00:02:41,Ukraine is significantly increasing its domestic weapons and missile production capabilities at undisclosed facilities to strengthen its military capabilities and reduce dependence on foreign arms supplies during the ongoing conflict.
8,Iran protesters try to break into government building as unrest continues,2026-01-08T06:44:22,"Protests in Iran have escalated with demonstrators attempting to breach government buildings as civil unrest continues across the country, reflecting growing political tensions and dissatisfaction with current policies."
9,I'm watching brain surgery to see if Alzheimer's can ever be cured,2026-01-04T20:00:50,"A documentary or investigative report follows medical professionals performing brain surgery as they explore potential treatments and cures for Alzheimer's disease, examining cutting-edge surgical techniques and medical research."
10,Spectacular New Year's Day sunrises from across England,2026-01-09T12:10:08,"Photographers and observers captured stunning sunrise images from various locations across England on New Year's Day, showcasing the natural beauty of the country as communities welcomed the new year."
11,I'm learning a new football language - Rashford,2026-01-12T23:57:14,"This article provides comprehensive coverage and analysis of i'm learning a new football language - rashford. It explores the key developments, impacts, and implications of this significant news story, offering readers detailed information and context necessary to understand the full scope of the situation."
12,Watch Australian teens test out social media after ban kicks in,2026-01-12T20:46:16,"This article provides comprehensive coverage and analysis of watch australian teens test out social media after ban kicks in. It explores the key developments, impacts, and implications of this significant news story, offering readers detailed information and context necessary to understand the full scope of the situation."
13,'She's a superhero': The acts of bravery as Bondi horror unfolded,2026-01-06T10:52:52,"This article provides comprehensive coverage and analysis of 'she's a superhero': the acts of bravery as bondi horror unfolded. It explores the key developments, impacts, and implications of this significant news story, offering readers detailed information and context necessary to understand the full scope of the situation."
14,From Iran to China to Venezuela - how seized tanker hid true location,2026-01-12T16:09:16,"This article provides comprehensive coverage and analysis of from iran to china to venezuela - how seized tanker hid true location. It explores the key developments, impacts, and implications of this significant news story, offering readers detailed information and context necessary to understand the full scope of the situation."
15,We feel closer to him in Australia - Josh Baker's parents on dealing with loss,2026-01-09T20:27:32,"This article provides comprehensive coverage and analysis of we feel closer to him in australia - josh baker's parents on dealing with loss. It explores the key developments, impacts, and implications of this significant news story, offering readers detailed information and context necessary to understand the full scope of the situation."
16,I woke to a huge bang - nothing has been normal since,2026-01-04T20:21:08,"This article provides comprehensive coverage and analysis of i woke to a huge bang - nothing has been normal since. It explores the key developments, impacts, and implications of this significant news story, offering readers detailed information and context necessary to understand the full scope of the situation."
17,Voting open for World Sport Star of the Year - meet the contenders,2026-01-02T13:59:52,"This article provides comprehensive coverage and analysis of voting open for world sport star of the year - meet the contenders. It explores the key developments, impacts, and implications of this significant news story, offering readers detailed information and context necessary to understand the full scope of the situation."
18,"Being together brings us closer to our girls, say Southport families",2026-01-01T00:31:01,"This article provides comprehensive coverage and analysis of being together brings us closer to our girls, say southport families. It explores the key developments, impacts, and implications of this significant news story, offering readers detailed information and context necessary to understand the full scope of the situation."
19,Life being stressful is not an illness' - GPs on mental health over-diagnosis,2026-01-08T08:08:07,"This article provides comprehensive coverage and analysis of life being stressful is not an illness' - gps on mental health over-diagnosis. It explores the key developments, impacts, and implications of this significant news story, offering readers detailed information and context necessary to understand the full scope of the situation."
20,He was an Uber driver in the US. Now he's scared of jihadists after deportation to Somalia,2026-01-10T14:59:30,"This article provides comprehensive coverage and analysis of he was an uber driver in the us. now he's scared of jihadists after deportation to somalia. It explores the key developments, impacts, and implications of this significant news story, offering readers detailed information and context necessary to understand the full scope of the situation."
21,Schoolboys to be target of UK's violence against women strategy,2026-01-09T19:01:44,"This article provides comprehensive coverage and analysis of schoolboys to be target of uk's violence against women strategy. It explores the key developments, impacts, and implications of this significant news story, offering readers detailed information and context necessary to understand the full scope of the situation."
24,How will Liverpool cope without Isak?,2026-01-08T14:45:41,"This article provides comprehensive coverage and analysis of how will liverpool cope without isak?. It explores the key developments, impacts, and implications of this significant news story, offering readers detailed information and context necessary to understand the full scope of the situation."
25,Memorable O'Sullivan moments as snooker great turns 50,2026-01-01T12:14:41,"This article provides comprehensive coverage and analysis of memorable o'sullivan moments as snooker great turns 50. It explores the key developments, impacts, and implications of this significant news story, offering readers detailed information and context necessary to understand the full scope of the situation."
26,'I hid from a wall of heat': Eyewitnesses describe escape from bar inferno,2026-01-12T12:41:40,"This article provides comprehensive coverage and analysis of 'i hid from a wall of heat': eyewitnesses describe escape from bar inferno. It explores the key developments, impacts, and implications of this significant news story, offering readers detailed information and context necessary to understand the full scope of the situation."
27,2025: The year in your pictures,2026-01-01T11:51:36,"This article provides comprehensive coverage and analysis of 2025: the year in your pictures. It explores the key developments, impacts, and implications of this significant news story, offering readers detailed information and context necessary to understand the full scope of the situation."
28,"Knife threats and racial abuse all in a day's work, say bus drivers",2026-01-03T12:29:40,"This article provides comprehensive coverage and analysis of knife threats and racial abuse all in a day's work, say bus drivers. It explores the key developments, impacts, and implications of this significant news story, offering readers detailed information and context necessary to understand the full scope of the situation."
29,How the 'postcode lottery' of parenting really impacts young children,2026-01-05T01:12:28,"This article provides comprehensive coverage and analysis of how the 'postcode lottery' of parenting really impacts young children. It explores the key developments, impacts, and implications of this significant news story, offering readers detailed information and context necessary to understand the full scope of the situation."
30,Is Flu Different This Winter?,2026-01-01T17:31:05,"This article provides comprehensive coverage and analysis of is flu different this winter?. It explores the key developments, impacts, and implications of this significant news story, offering readers detailed information and context necessary to understand the full scope of the situation."
31,Appeal to all MI5 staff for information in BBC spy case,2026-01-04T23:39:52,"This article provides comprehensive coverage and analysis of appeal to all mi5 staff for information in bbc spy case. It explores the key developments, impacts, and implications of this significant news story, offering readers detailed information and context necessary to understand the full scope of the situation."
32,"Epstein's UK flights had alleged British abuse victims on board, BBC finds",2026-01-08T01:49:50,"This article provides comprehensive coverage and analysis of epstein's uk flights had alleged british abuse victims on board, bbc finds. It explores the key developments, impacts, and implications of this significant news story, offering readers detailed information and context necessary to understand the full scope of the situation."
33,Hundreds tell BBC of adopted children's struggles amid calls for lifelong support,2026-01-12T15:24:37,"This article provides comprehensive coverage and analysis of hundreds tell bbc of adopted children's struggles amid calls for lifelong support. It explores the key developments, impacts, and implications of this significant news story, offering readers detailed information and context necessary to understand the full scope of the situation."
34,"BBC Sport's 2025 Quiz: 12 months, 12 questions, how many can you get?",2026-01-01T05:04:37,"This article provides comprehensive coverage and analysis of bbc sport's 2025 quiz: 12 months, 12 questions, how many can you get?. It explores the key developments, impacts, and implications of this significant news story, offering readers detailed information and context necessary to understand the full scope of the situation."
35,"For four days, I didn't know if my family was alive - Williamson",2026-01-08T22:24:37,"This article provides comprehensive coverage and analysis of for four days, i didn't know if my family was alive - williamson. It explores the key developments, impacts, and implications of this significant news story, offering readers detailed information and context necessary to understand the full scope of the situation."
36,"For four days, I didn't know if my family was alive - Williamson",2026-02-02T02:11:04,"This article provides comprehensive coverage and analysis of for four days, i didn't know if my family was alive - williamson. It explores the key developments, impacts, and implications of this significant news story, offering readers detailed information and context necessary to understand the full scope of the situation."
37,"For four days, I didn't know if my family was alive - Williamson",2026-02-02T02:11:07,"This article provides comprehensive coverage and analysis of for four days, i didn't know if my family was alive - williamson. It explores the key developments, impacts, and implications of this significant news story, offering readers detailed information and context necessary to understand the full scope of the situation."
38,"For four days, I didn't know if my family was alive - Williamson",2026-01-12T04:51:35,"This article provides comprehensive coverage and analysis of for four days, i didn't know if my family was alive - williamson. It explores the key developments, impacts, and implications of this significant news story, offering readers detailed information and context necessary to understand the full scope of the situation."
39,"For four days, I didn't know if my family was alive - Williamson",2026-01-03T16:02:05,"This article provides comprehensive coverage and analysis of for four days, i didn't know if my family was alive - williamson. It explores the key developments, impacts, and implications of this significant news story, offering readers detailed information and context necessary to understand the full scope of the situation."
